PlantingDate,Location,aGDDs,ARI,DAP
4/1/2018,Appling,1420.7,5.97,139
4/1/2018,Benhill,1603,29.1,139
4/1/2018,Bulloch,1483,14.35,139
4/1/2018,Coffee,1496.7,16.44,139
4/1/2018,Irwin,1643.6,12.64,139
4/1/2018,Mitchell,1438.5,5.54,139
4/1/2018,Telfair,1641.1,43.58,139
4/1/2018,Thomas,1579.7,0,139
4/1/2018,Tift,1549.4,20.05,139
4/1/2018,Wayne,1571.5,16.79,139
4/8/2018,Appling,1479,9.41,139
4/8/2018,Benhill,1674.5,35.53,139
4/8/2018,Bulloch,1552,17,139
4/8/2018,Coffee,1565.2,21.99,139
4/8/2018,Irwin,1698.4,7.57,139
4/8/2018,Mitchell,1500.9,4.45,139
4/8/2018,Telfair,1714.9,47.9,139
4/8/2018,Thomas,1639.3,0,139
4/8/2018,Tift,1615.7,25.99,139
4/8/2018,Wayne,1641.9,24.91,139
4/15/2018,Appling,1557.1,13.73,139
4/15/2018,Benhill,1756.3,44.11,139
4/15/2018,Bulloch,1629,21.62,139
4/15/2018,Coffee,1649.6,29.62,139
4/15/2018,Irwin,1763.6,4.89,139
4/15/2018,Mitchell,1576,6,139
4/15/2018,Telfair,1792.8,52.23,139
4/15/2018,Thomas,1707.9,0,139
4/15/2018,Tift,1690.9,29.79,139
4/15/2018,Wayne,1720.7,31.8,139
4/22/2018,Appling,1625.3,17.89,139
4/22/2018,Benhill,1824.8,49.99,139
4/22/2018,Bulloch,1692.5,25.77,139
4/22/2018,Coffee,1720.3,34.96,139
4/22/2018,Irwin,1819.8,4.08,139
4/22/2018,Mitchell,1642.2,2.5,139
4/22/2018,Telfair,1858.3,55.98,139
4/22/2018,Thomas,1766.1,0,139
4/22/2018,Tift,1758.9,34.36,139
4/22/2018,Wayne,1784.8,34.41,139
4/29/2018,Appling,1686.3,22.35,139
4/29/2018,Benhill,1890,58.87,139
4/29/2018,Bulloch,1750.9,30.63,139
4/29/2018,Coffee,1783.8,41.96,139
4/29/2018,Irwin,1870.2,0,139
4/29/2018,Mitchell,1701.2,0.83,139
4/29/2018,Telfair,1916.5,59.89,139
4/29/2018,Thomas,1815.5,0,139
4/29/2018,Tift,1819.2,42.11,139
4/29/2018,Wayne,1839.5,36.57,139
5/6/2018,Appling,1743.3,25.58,139
5/6/2018,Benhill,1949.4,65.6,139
5/6/2018,Bulloch,1811.8,34.09,139
5/6/2018,Coffee,1839.8,46.26,139
5/6/2018,Irwin,1908.9,29.88,139
5/6/2018,Mitchell,1753.2,0.83,139
5/6/2018,Telfair,1971.4,59.37,139
5/6/2018,Thomas,1853.5,0,139
5/6/2018,Tift,1873.6,48.75,139
5/6/2018,Wayne,1903,32.8,139
5/13/2018,Appling,1766.3,26.71,139
5/13/2018,Benhill,1970.5,64.91,139
5/13/2018,Bulloch,1837.3,33.63,139
5/13/2018,Coffee,1866.8,48.49,139
5/13/2018,Irwin,1918.7,42.17,139
5/13/2018,Mitchell,1775.3,14.35,139
5/13/2018,Telfair,1992.3,55.65,139
5/13/2018,Thomas,1864.5,25.12,139
5/13/2018,Tift,1896.6,51.67,139
5/13/2018,Wayne,1930.9,28.03,139
5/20/2018,Appling,1778.3,24.09,139
5/20/2018,Benhill,1976.2,55.99,139
5/20/2018,Bulloch,1843.8,32.45,139
5/20/2018,Coffee,1883.3,47.44,139
5/20/2018,Irwin,1905,43.57,139
5/20/2018,Mitchell,1778.1,18.45,139
5/20/2018,Telfair,1990.9,47.07,139
5/20/2018,Thomas,1866.2,33.6,139
5/20/2018,Tift,1903.3,49.8,139
5/20/2018,Wayne,1943.3,38.87,139
5/27/2018,Appling,1782.3,19.82,139
5/27/2018,Benhill,1978.6,48.8,139
5/27/2018,Bulloch,1846.3,28.49,139
5/27/2018,Coffee,1890.3,42.37,139
5/27/2018,Irwin,1899.6,38.06,139
5/27/2018,Mitchell,1774.2,20.18,139
5/27/2018,Telfair,1984.8,40.17,139
5/27/2018,Thomas,1858.9,36.13,139
5/27/2018,Tift,1905.9,46.58,139
5/27/2018,Wayne,1946.9,35.94,139
6/3/2018,Appling,1761.3,15.02,139
6/3/2018,Benhill,1956,40.32,139
6/3/2018,Bulloch,1820.4,23.03,139
6/3/2018,Coffee,1874.9,35.92,139
6/3/2018,Irwin,1875.3,30.65,139
6/3/2018,Mitchell,1758.2,15.6,139
6/3/2018,Telfair,1950.1,34.68,139
6/3/2018,Thomas,1838.9,29.75,139
6/3/2018,Tift,1890.1,40.27,139
6/3/2018,Wayne,1929.6,29.86,139
6/10/2018,Appling,1705.1,9.21,139
6/10/2018,Benhill,1896,33.73,139
6/10/2018,Bulloch,1753.6,15.13,139
6/10/2018,Coffee,1823.7,28.05,139
6/10/2018,Irwin,1813,24.97,139
6/10/2018,Mitchell,1714.7,8.99,139
6/10/2018,Telfair,1879,27.52,139
6/10/2018,Thomas,1780.8,21.17,139
6/10/2018,Tift,1833.6,32.58,139
6/10/2018,Wayne,1870.4,24.46,139
6/17/2018,Appling,1643.4,5.81,139
6/17/2018,Benhill,1829.9,24.35,139
6/17/2018,Bulloch,1683.4,10.48,139
6/17/2018,Coffee,1769.1,19.23,139
6/17/2018,Irwin,1747.6,15.44,139
6/17/2018,Mitchell,1663.9,4.08,139
6/17/2018,Telfair,1800.9,20.13,139
6/17/2018,Thomas,1721.8,12.59,139
6/17/2018,Tift,1771.4,21.57,139
6/17/2018,Wayne,1804.7,23.06,139
6/24/2018,Appling,1576.2,2.11,139
6/24/2018,Benhill,1759.2,13.98,139
6/24/2018,Bulloch,1610.2,4.62,139
6/24/2018,Coffee,1705.9,12,139
6/24/2018,Irwin,1674.3,6.96,139
6/24/2018,Mitchell,1608.9,1.01,139
6/24/2018,Telfair,1721.7,10.92,139
6/24/2018,Thomas,1655.4,4.63,139
6/24/2018,Tift,1697.3,9.72,139
6/24/2018,Wayne,1738,13.79,139
7/1/2018,Appling,1493.9,0.88,139
7/1/2018,Benhill,1661.7,5.81,139
7/1/2018,Bulloch,1516,1.6,139
7/1/2018,Coffee,1619.6,4.97,139
7/1/2018,Irwin,1572.7,3.46,139
7/1/2018,Mitchell,1519.5,0,139
7/1/2018,Telfair,1617.3,3.68,139
7/1/2018,Thomas,1566.3,1.52,139
7/1/2018,Tift,1601.1,6.22,139
7/1/2018,Wayne,1651.4,5.93,139
7/8/2018,Appling,1406.9,0,139
7/8/2018,Benhill,1562.5,1.21,139
7/8/2018,Bulloch,1423.2,0,139
7/8/2018,Coffee,1529,1.52,139
7/8/2018,Irwin,1476,0,139
7/8/2018,Mitchell,1432.8,0,139
7/8/2018,Telfair,1514.6,1.73,139
7/8/2018,Thomas,1477.3,0,139
7/8/2018,Tift,1508.6,2.06,139
7/8/2018,Wayne,1559.3,2.42,139
4/1/2018,Appling,1487.7,11.46,145
4/1/2018,Benhill,1689.2,37.29,145
4/1/2018,Bulloch,1565.2,19.9,145
4/1/2018,Coffee,1580.9,23.82,145
4/1/2018,Irwin,1723.5,12.64,145
4/1/2018,Mitchell,1513.3,6.37,145
4/1/2018,Telfair,1727.2,50.6,145
4/1/2018,Thomas,1659.9,0,145
4/1/2018,Tift,1631.3,26.14,145
4/1/2018,Wayne,1658.6,25.5,145
4/8/2018,Appling,1554.2,13.09,145
4/8/2018,Benhill,1759.2,43.71,145
4/8/2018,Bulloch,1628.1,21.57,145
4/8/2018,Coffee,1649.9,29.86,145
4/8/2018,Irwin,1779.3,7.57,145
4/8/2018,Mitchell,1576.9,6,145
4/8/2018,Telfair,1792,53.39,145
4/8/2018,Thomas,1721,0,145
4/8/2018,Tift,1696.8,32.14,145
4/8/2018,Wayne,1721.6,30.64,145
4/15/2018,Appling,1636.3,19.23,145
4/15/2018,Benhill,1843,52.53,145
4/15/2018,Bulloch,1709.7,27.54,145
4/15/2018,Coffee,1734.3,36.78,145
4/15/2018,Irwin,1847,4.89,145
4/15/2018,Mitchell,1652.5,6,145
4/15/2018,Telfair,1874.5,58.63,145
4/15/2018,Thomas,1788.1,0,145
4/15/2018,Tift,1773.1,36.1,145
4/15/2018,Wayne,1803.5,33.2,145
4/22/2018,Appling,1703.5,23.39,145
4/22/2018,Benhill,1912.3,60.19,145
4/22/2018,Bulloch,1774.4,33.14,145
4/22/2018,Coffee,1803.5,42.83,145
4/22/2018,Irwin,1904.4,4.08,145
4/22/2018,Mitchell,1720.7,2.5,145
4/22/2018,Telfair,1939.6,62.51,145
4/22/2018,Thomas,1848.8,0,145
4/22/2018,Tift,1843.1,43.22,145
4/22/2018,Wayne,1866.8,35.45,145
4/29/2018,Appling,1768,27.62,145
4/29/2018,Benhill,1984,69.98,145
4/29/2018,Bulloch,1832.2,36.28,145
4/29/2018,Coffee,1870.5,50.54,145
4/29/2018,Irwin,1959.5,0,145
4/29/2018,Mitchell,1786,0.83,145
4/29/2018,Telfair,2002,67.32,145
4/29/2018,Thomas,1902.7,0,145
4/29/2018,Tift,1910.5,53.05,145
4/29/2018,Wayne,1928.7,36.57,145
5/6/2018,Appling,1817,29.04,145
5/6/2018,Benhill,2032.8,73.28,145
5/6/2018,Bulloch,1886.9,38.68,145
5/6/2018,Coffee,1923,53.89,145
5/6/2018,Irwin,1992.4,37.82,145
5/6/2018,Mitchell,1828.2,3.92,145
5/6/2018,Telfair,2048.6,64.3,145
5/6/2018,Thomas,1935.2,0,145
5/6/2018,Tift,1959,56.97,145
5/6/2018,Wayne,1983.1,32.8,145
5/13/2018,Appling,1837,27.77,145
5/13/2018,Benhill,2050.1,64.91,145
5/13/2018,Bulloch,1908.9,34.99,145
5/13/2018,Coffee,1946,53.06,145
5/13/2018,Irwin,1994.7,42.17,145
5/13/2018,Mitchell,1845.9,15.48,145
5/13/2018,Telfair,2065.5,57.7,145
5/13/2018,Thomas,1941.2,25.71,145
5/13/2018,Tift,1973.6,55.28,145
5/13/2018,Wayne,2009,28.03,145
5/20/2018,Appling,1850,25.32,145
5/20/2018,Benhill,2055.8,55.99,145
5/20/2018,Bulloch,1918.7,33.88,145
5/20/2018,Coffee,1960,50.48,145
5/20/2018,Irwin,1981.7,43.57,145
5/20/2018,Mitchell,1845.5,19.46,145
5/20/2018,Telfair,2066.2,49.21,145
5/20/2018,Thomas,1938.9,35.48,145
5/20/2018,Tift,1980.8,53.15,145
5/20/2018,Wayne,2021.3,38.87,145
5/27/2018,Appling,1835,19.82,145
5/27/2018,Benhill,2038.3,48.8,145
5/27/2018,Bulloch,1899.8,28.49,145
5/27/2018,Coffee,1951.5,42.37,145
5/27/2018,Irwin,1955.7,38.06,145
5/27/2018,Mitchell,1831.9,20.18,145
5/27/2018,Telfair,2036.4,40.17,145
5/27/2018,Thomas,1917.6,36.13,145
5/27/2018,Tift,1967.6,46.58,145
5/27/2018,Wayne,2011,35.94,145
6/3/2018,Appling,1785.3,15.02,145
6/3/2018,Benhill,1985.4,40.32,145
6/3/2018,Bulloch,1838.9,23.03,145
6/3/2018,Coffee,1907.5,35.92,145
6/3/2018,Irwin,1897.7,30.65,145
6/3/2018,Mitchell,1792.7,15.6,145
6/3/2018,Telfair,1969,34.68,145
6/3/2018,Thomas,1870.6,29.75,145
6/3/2018,Tift,1918.3,40.27,145
6/3/2018,Wayne,1958.4,29.86,145
6/10/2018,Appling,1720.6,9.21,145
6/10/2018,Benhill,1918,33.73,145
6/10/2018,Bulloch,1768.2,15.13,145
6/10/2018,Coffee,1847.8,28.05,145
6/10/2018,Irwin,1829.4,24.97,145
6/10/2018,Mitchell,1739.5,8.99,145
6/10/2018,Telfair,1891.2,27.52,145
6/10/2018,Thomas,1803.5,21.17,145
6/10/2018,Tift,1856.2,32.58,145
6/10/2018,Wayne,1891.5,24.46,145
6/17/2018,Appling,1668.4,5.81,145
6/17/2018,Benhill,1858.4,24.35,145
6/17/2018,Bulloch,1708.1,10.48,145
6/17/2018,Coffee,1796.1,19.23,145
6/17/2018,Irwin,1770.1,15.44,145
6/17/2018,Mitchell,1698.4,4.08,145
6/17/2018,Telfair,1822.4,20.13,145
6/17/2018,Thomas,1748.1,12.59,145
6/17/2018,Tift,1796.1,21.57,145
6/17/2018,Wayne,1837,23.06,145
6/24/2018,Appling,1588.8,2.11,145
6/24/2018,Benhill,1768.9,13.98,145
6/24/2018,Bulloch,1614.4,4.62,145
6/24/2018,Coffee,1721,12,145
6/24/2018,Irwin,1677.5,6.96,145
6/24/2018,Mitchell,1619.8,1.01,145
6/24/2018,Telfair,1724.7,10.92,145
6/24/2018,Thomas,1669.2,4.63,145
6/24/2018,Tift,1707,9.72,145
6/24/2018,Wayne,1756.5,13.79,145
7/1/2018,Appling,1497.3,0.88,145
7/1/2018,Benhill,1664.9,5.81,145
7/1/2018,Bulloch,1518.9,1.6,145
7/1/2018,Coffee,1623.4,4.97,145
7/1/2018,Irwin,1573.6,3.46,145
7/1/2018,Mitchell,1520.9,0,145
7/1/2018,Telfair,1619,3.68,145
7/1/2018,Thomas,1567.7,1.52,145
7/1/2018,Tift,1603.9,6.22,145
7/1/2018,Wayne,1658.2,5.93,145
7/8/2018,Appling,1407.2,0,145
7/8/2018,Benhill,1562.7,1.21,145
7/8/2018,Bulloch,1423.2,0,145
7/8/2018,Coffee,1530.6,1.52,145
7/8/2018,Irwin,1476,0,145
7/8/2018,Mitchell,1433.1,0,145
7/8/2018,Telfair,1514.6,1.73,145
7/8/2018,Thomas,1479.2,0,145
7/8/2018,Tift,1510.6,2.06,145
7/8/2018,Wayne,1560.1,2.42,145
4/1/2018,Appling,1614.2,17.71,155
4/1/2018,Benhill,1830.1,50.78,155
4/1/2018,Bulloch,1693.7,27.62,155
4/1/2018,Coffee,1721.9,37.09,155
4/1/2018,Irwin,1855.8,12.64,155
4/1/2018,Mitchell,1638.3,7.92,155
4/1/2018,Telfair,1855.9,58.82,155
4/1/2018,Thomas,1792.9,0,155
4/1/2018,Tift,1765.3,36.75,155
4/1/2018,Wayne,1793.3,34.55,155
4/8/2018,Appling,1684.7,21.16,155
4/8/2018,Benhill,1900.8,57.7,155
4/8/2018,Bulloch,1761.4,31.43,155
4/8/2018,Coffee,1787.4,41.24,155
4/8/2018,Irwin,1916,7.57,155
4/8/2018,Mitchell,1703.2,6,155
4/8/2018,Telfair,1926,63.41,155
4/8/2018,Thomas,1853,0,155
4/8/2018,Tift,1830.8,42.51,155
4/8/2018,Wayne,1858.5,33.2,155
4/15/2018,Appling,1770.3,28.96,155
4/15/2018,Benhill,1991.3,70.17,155
4/15/2018,Bulloch,1846.6,38.16,155
4/15/2018,Coffee,1874.3,50.06,155
4/15/2018,Irwin,1988.3,4.89,155
4/15/2018,Mitchell,1785.2,6,155
4/15/2018,Telfair,2011.6,69.89,155
4/15/2018,Thomas,1927.1,0,155
4/15/2018,Tift,1915.8,50.95,155
4/15/2018,Wayne,1944.6,33.2,155
4/22/2018,Appling,1834.5,30.85,155
4/22/2018,Benhill,2062.2,76.64,155
4/22/2018,Bulloch,1906.7,41.23,155
4/22/2018,Coffee,1945.5,56.11,155
4/22/2018,Irwin,2048.7,4.08,155
4/22/2018,Mitchell,1856.9,2.5,155
4/22/2018,Telfair,2075.7,72.9,155
4/22/2018,Thomas,1991.3,0,155
4/22/2018,Tift,1991,59.35,155
4/22/2018,Wayne,2009.6,35.45,155
4/29/2018,Appling,1894,33.02,155
4/29/2018,Benhill,2124,79.91,155
4/29/2018,Bulloch,1959.8,42.51,155
4/29/2018,Coffee,2011,62.39,155
4/29/2018,Irwin,2099.2,0,155
4/29/2018,Mitchell,1911.8,0.83,155
4/29/2018,Telfair,2132.1,74.97,155
4/29/2018,Thomas,2038.2,0,155
4/29/2018,Tift,2052.1,65.45,155
4/29/2018,Wayne,2068.1,36.57,155
5/6/2018,Appling,1934.5,31.62,155
5/6/2018,Benhill,2164.1,74.65,155
5/6/2018,Bulloch,2009.5,42.65,155
5/6/2018,Coffee,2053,61.5,155
5/6/2018,Irwin,2120.8,38.82,155
5/6/2018,Mitchell,1944.1,5.49,155
5/6/2018,Telfair,2171.5,68.12,155
5/6/2018,Thomas,2060.2,0,155
5/6/2018,Tift,2087.3,64.24,155
5/6/2018,Wayne,2114,32.8,155
5/13/2018,Appling,1939,29,155
5/13/2018,Benhill,2163.4,64.91,155
5/13/2018,Bulloch,2014.9,37.11,155
5/13/2018,Coffee,2058,56.51,155
5/13/2018,Irwin,2103.6,42.17,155
5/13/2018,Mitchell,1942.7,16.49,155
5/13/2018,Telfair,2170.9,60.39,155
5/13/2018,Thomas,2046.2,28,155
5/13/2018,Tift,2084.6,59.44,155
5/13/2018,Wayne,2125.3,28.03,155
5/20/2018,Appling,1934.5,25.32,155
5/20/2018,Benhill,2150.8,55.99,155
5/20/2018,Bulloch,1998.8,33.88,155
5/20/2018,Coffee,2058.5,50.48,155
5/20/2018,Irwin,2068.2,43.57,155
5/20/2018,Mitchell,1937.4,19.46,155
5/20/2018,Telfair,2145.7,49.21,155
5/20/2018,Thomas,2034.9,35.48,155
5/20/2018,Tift,2076.4,53.15,155
5/20/2018,Wayne,2120.7,38.87,155
5/27/2018,Appling,1875.6,19.82,155
5/27/2018,Benhill,2087.1,48.8,155
5/27/2018,Bulloch,1930.9,28.49,155
5/27/2018,Coffee,2005.6,42.37,155
5/27/2018,Irwin,1993.5,38.06,155
5/27/2018,Mitchell,1886.8,20.18,155
5/27/2018,Telfair,2068.7,40.17,155
5/27/2018,Thomas,1969.6,36.13,155
5/27/2018,Tift,2014.5,46.58,155
5/27/2018,Wayne,2058.4,35.94,155
6/3/2018,Appling,1810.4,15.02,155
6/3/2018,Benhill,2019,40.32,155
6/3/2018,Bulloch,1863.4,23.03,155
6/3/2018,Coffee,1945.6,35.92,155
6/3/2018,Irwin,1925.5,30.65,155
6/3/2018,Mitchell,1830.9,15.6,155
6/3/2018,Telfair,1989.3,34.68,155
6/3/2018,Thomas,1904.7,29.75,155
6/3/2018,Tift,1952,40.27,155
6/3/2018,Wayne,1992.5,29.86,155
6/10/2018,Appling,1763.7,9.21,155
6/10/2018,Benhill,1968.9,33.73,155
6/10/2018,Bulloch,1810.9,15.13,155
6/10/2018,Coffee,1899.9,28.05,155
6/10/2018,Irwin,1871.4,24.97,155
6/10/2018,Mitchell,1796.6,8.99,155
6/10/2018,Telfair,1928.2,27.52,155
6/10/2018,Thomas,1852.4,21.17,155
6/10/2018,Tift,1901.2,32.58,155
6/10/2018,Wayne,1946.5,24.46,155
6/17/2018,Appling,1687.2,5.81,155
6/17/2018,Benhill,1877.2,24.35,155
6/17/2018,Bulloch,1718.7,10.48,155
6/17/2018,Coffee,1820.4,19.23,155
6/17/2018,Irwin,1780.7,15.44,155
6/17/2018,Mitchell,1718.5,4.08,155
6/17/2018,Telfair,1831.4,20.13,155
6/17/2018,Thomas,1771.1,12.59,155
6/17/2018,Tift,1814.1,21.57,155
6/17/2018,Wayne,1863.1,23.06,155
6/24/2018,Appling,1592.5,2.11,155
6/24/2018,Benhill,1772.1,13.98,155
6/24/2018,Bulloch,1617.3,4.62,155
6/24/2018,Coffee,1725.9,12,155
6/24/2018,Irwin,1678.4,6.96,155
6/24/2018,Mitchell,1621.2,1.01,155
6/24/2018,Telfair,1726.4,10.92,155
6/24/2018,Thomas,1671.3,4.63,155
6/24/2018,Tift,1710.5,9.72,155
6/24/2018,Wayne,1764.1,13.79,155
4/1/2019,Appling,1533.5,20.13,139
4/1/2019,Benhill,1742.5,48.16,139
4/1/2019,Bulloch,1609.8,32.72,139
4/1/2019,Coffee,1681.9,34.19,139
4/1/2019,Irwin,1635,34.38,139
4/1/2019,Mitchell,1626.2,32.48,139
4/1/2019,Telfair,1596.2,31.62,139
4/1/2019,Thomas,1559.1,19.05,139
4/1/2019,Tift,1678,37.2,139
4/1/2019,Wayne,1711.7,32.67,139
4/8/2019,Appling,1609.1,26.17,139
4/8/2019,Benhill,1821.3,45.04,139
4/8/2019,Bulloch,1695.7,39.59,139
4/8/2019,Coffee,1755.1,33.46,139
4/8/2019,Irwin,1716,34.87,139
4/8/2019,Mitchell,1701.3,35.61,139
4/8/2019,Telfair,1680.9,39.04,139
4/8/2019,Thomas,1630.5,18.64,139
4/8/2019,Tift,1757.6,36.18,139
4/8/2019,Wayne,1794.7,30.84,139
4/15/2019,Appling,1630.6,23.33,139
4/15/2019,Benhill,1844.8,43.41,139
4/15/2019,Bulloch,1715.7,36.64,139
4/15/2019,Coffee,1779.8,33.23,139
4/15/2019,Irwin,1738.3,29.5,139
4/15/2019,Mitchell,1731,34.49,139
4/15/2019,Telfair,1700.7,37.8,139
4/15/2019,Thomas,1666.5,15.01,139
4/15/2019,Tift,1785.6,34.35,139
4/15/2019,Wayne,1819.5,28.67,139
4/22/2019,Appling,1696.8,27.18,139
4/22/2019,Benhill,1913.4,46.29,139
4/22/2019,Bulloch,1779.4,41.15,139
4/22/2019,Coffee,1846.2,36.78,139
4/22/2019,Irwin,1808.4,27.41,139
4/22/2019,Mitchell,1793.7,33.72,139
4/22/2019,Telfair,1770.8,41.59,139
4/22/2019,Thomas,1736.5,13.13,139
4/22/2019,Tift,1854,34.05,139
4/22/2019,Wayne,1885.9,25.73,139
4/29/2019,Appling,1756.3,28.09,139
4/29/2019,Benhill,1972.1,58.44,139
4/29/2019,Bulloch,1837,44.65,139
4/29/2019,Coffee,1907.5,59.14,139
4/29/2019,Irwin,1871.4,30.83,139
4/29/2019,Mitchell,1855.2,43.61,139
4/29/2019,Telfair,1832.8,45.18,139
4/29/2019,Thomas,1797.5,24.03,139
4/29/2019,Tift,1914,48.17,139
4/29/2019,Wayne,1943,22.76,139
5/6/2019,Appling,1772.3,25.51,139
5/6/2019,Benhill,1990,72.51,139
5/6/2019,Bulloch,1846.1,36.8,139
5/6/2019,Coffee,1923.6,54.43,139
5/6/2019,Irwin,1888,36.65,139
5/6/2019,Mitchell,1871.6,43.59,139
5/6/2019,Telfair,1852.3,40.03,139
5/6/2019,Thomas,1820,30.57,139
5/6/2019,Tift,1930.3,55.48,139
5/6/2019,Wayne,1958.1,14.79,139
5/13/2019,Appling,1784.3,24.05,139
5/13/2019,Benhill,2001.2,66.95,139
5/13/2019,Bulloch,1859.5,35.11,139
5/13/2019,Coffee,1936.1,50.29,139
5/13/2019,Irwin,1903.6,36.24,139
5/13/2019,Mitchell,1885.9,38.62,139
5/13/2019,Telfair,1865.6,37.46,139
5/13/2019,Thomas,1837,38.04,139
5/13/2019,Tift,1946.2,53.54,139
5/13/2019,Wayne,1973.5,23.5,139
5/20/2019,Appling,1813.8,24.35,139
5/20/2019,Benhill,2030.7,66.47,139
5/20/2019,Bulloch,1892.2,35.38,139
5/20/2019,Coffee,1965.8,53.51,139
5/20/2019,Irwin,1945.4,43.53,139
5/20/2019,Mitchell,1915.6,41.68,139
5/20/2019,Telfair,1904.1,39.36,139
5/20/2019,Thomas,1871,43.6,139
5/20/2019,Tift,1979.3,56.12,139
5/20/2019,Wayne,2001.2,30.88,139
5/27/2019,Appling,1792.3,19.79,139
5/27/2019,Benhill,2009.8,56.69,139
5/27/2019,Bulloch,1855.2,31.31,139
5/27/2019,Coffee,1944.4,46.44,139
5/27/2019,Irwin,1922.8,43.97,139
5/27/2019,Mitchell,1896.7,35.56,139
5/27/2019,Telfair,1880,34.89,139
5/27/2019,Thomas,1854.5,37.96,139
5/27/2019,Tift,1960,48.89,139
5/27/2019,Wayne,1971.2,41.86,139
6/3/2019,Appling,1736.8,11.97,139
6/3/2019,Benhill,1949.7,47.73,139
6/3/2019,Bulloch,1794.4,24.4,139
6/3/2019,Coffee,1893.7,36.2,139
6/3/2019,Irwin,1866.1,36.85,139
6/3/2019,Mitchell,1842.1,29.36,139
6/3/2019,Telfair,1823.1,27.32,139
6/3/2019,Thomas,1801,28.42,139
6/3/2019,Tift,1900.3,39.27,139
6/3/2019,Wayne,1910.2,36.29,139
6/10/2019,Appling,1678.8,7.51,139
6/10/2019,Benhill,1890,36.63,139
6/10/2019,Bulloch,1740.6,17.05,139
6/10/2019,Coffee,1836.7,24.74,139
6/10/2019,Irwin,1803.9,28.01,139
6/10/2019,Mitchell,1777.9,19.37,139
6/10/2019,Telfair,1758.5,19.55,139
6/10/2019,Thomas,1746.5,20.86,139
6/10/2019,Tift,1842.4,28.21,139
6/10/2019,Wayne,1857.4,24.3,139
6/17/2019,Appling,1649.1,6.69,139
6/17/2019,Benhill,1859.3,26.38,139
6/17/2019,Bulloch,1710.8,13.11,139
6/17/2019,Coffee,1807.7,17.63,139
6/17/2019,Irwin,1765.5,20.61,139
6/17/2019,Mitchell,1744.6,14.08,139
6/17/2019,Telfair,1722.3,13.37,139
6/17/2019,Thomas,1718.8,17.44,139
6/17/2019,Tift,1809.4,21.18,139
6/17/2019,Wayne,1827.8,19.79,139
6/24/2019,Appling,1573,1.52,139
6/24/2019,Benhill,1777.4,18.47,139
6/24/2019,Bulloch,1630.7,7,139
6/24/2019,Coffee,1728.2,13.4,139
6/24/2019,Irwin,1679.4,14.69,139
6/24/2019,Mitchell,1672.4,9.79,139
6/24/2019,Telfair,1637.9,8.98,139
6/24/2019,Thomas,1651.2,7.73,139
6/24/2019,Tift,1730,16.81,139
6/24/2019,Wayne,1749.2,15.36,139
7/1/2019,Appling,1483.1,0,139
7/1/2019,Benhill,1676.7,11.13,139
7/1/2019,Bulloch,1537.9,0.18,139
7/1/2019,Coffee,1630,4.67,139
7/1/2019,Irwin,1580.8,4.31,139
7/1/2019,Mitchell,1575,1.72,139
7/1/2019,Telfair,1541.5,1.12,139
7/1/2019,Thomas,1556.5,0.82,139
7/1/2019,Tift,1629.7,6.43,139
7/1/2019,Wayne,1647,5.91,139
7/8/2019,Appling,1382.9,0,139
7/8/2019,Benhill,1565.2,0.76,139
7/8/2019,Bulloch,1430.4,0,139
7/8/2019,Coffee,1525.2,0.82,139
7/8/2019,Irwin,1476.8,0.07,139
7/8/2019,Mitchell,1477.4,0,139
7/8/2019,Telfair,1433.6,0,139
7/8/2019,Thomas,1460.3,0,139
7/8/2019,Tift,1524.2,0.14,139
7/8/2019,Wayne,1534.7,0.39,139
4/1/2019,Appling,1613.2,26.17,145
4/1/2019,Benhill,1829.3,48.16,145
4/1/2019,Bulloch,1694.9,40.41,145
4/1/2019,Coffee,1764.3,34.19,145
4/1/2019,Irwin,1720.2,35.68,145
4/1/2019,Mitchell,1709.8,36.3,145
4/1/2019,Telfair,1680.9,39.42,145
4/1/2019,Thomas,1637.3,19.05,145
4/1/2019,Tift,1763,37.2,145
4/1/2019,Wayne,1800.4,32.67,145
4/8/2019,Appling,1682.3,28.74,145
4/8/2019,Benhill,1900.8,45.04,145
4/8/2019,Bulloch,1767.2,42.19,145
4/8/2019,Coffee,1835.4,33.46,145
4/8/2019,Irwin,1789,34.87,145
4/8/2019,Mitchell,1782,35.61,145
4/8/2019,Telfair,1753,41.1,145
4/8/2019,Thomas,1710.7,18.64,145
4/8/2019,Tift,1838,36.18,145
4/8/2019,Wayne,1875.6,30.84,145
4/15/2019,Appling,1710.8,28.37,145
4/15/2019,Benhill,1935.6,43.41,145
4/15/2019,Bulloch,1794.6,41.65,145
4/15/2019,Coffee,1865.5,33.23,145
4/15/2019,Irwin,1823.2,29.5,145
4/15/2019,Mitchell,1811,34.49,145
4/15/2019,Telfair,1784.1,43.93,145
4/15/2019,Thomas,1752.2,15.01,145
4/15/2019,Tift,1872,34.35,145
4/15/2019,Wayne,1903.6,28.67,145
4/22/2019,Appling,1777.5,32.94,145
4/22/2019,Benhill,2003.8,46.29,145
4/22/2019,Bulloch,1863,48.5,145
4/22/2019,Coffee,1935,46.42,145
4/22/2019,Irwin,1894.4,27.41,145
4/22/2019,Mitchell,1881.2,36.57,145
4/22/2019,Telfair,1854.1,48.37,145
4/22/2019,Thomas,1822.7,21.25,145
4/22/2019,Tift,1941.8,34.05,145
4/22/2019,Wayne,1975.8,25.73,145
4/29/2019,Appling,1828.5,30.44,145
4/29/2019,Benhill,2055.4,65,145
4/29/2019,Bulloch,1907.8,47.92,145
4/29/2019,Coffee,1987.2,64.08,145
4/29/2019,Irwin,1951.4,36.71,145
4/29/2019,Mitchell,1933.3,48.35,145
4/29/2019,Telfair,1909.2,49.55,145
4/29/2019,Thomas,1878.7,29.44,145
4/29/2019,Tift,1995.4,53.82,145
4/29/2019,Wayne,2020,22.76,145
5/6/2019,Appling,1838.5,28.56,145
5/6/2019,Benhill,2064.1,78.79,145
5/6/2019,Bulloch,1917.1,42.33,145
5/6/2019,Coffee,1996.8,59.38,145
5/6/2019,Irwin,1962.3,43.15,145
5/6/2019,Mitchell,1945.4,47.88,145
5/6/2019,Telfair,1920.4,44.42,145
5/6/2019,Thomas,1894.7,36.7,145
5/6/2019,Tift,2005.9,62.02,145
5/6/2019,Wayne,2034,14.79,145
5/13/2019,Appling,1858.5,27.92,145
5/13/2019,Benhill,2085,75.2,145
5/13/2019,Bulloch,1939.2,41.93,145
5/13/2019,Coffee,2018.3,57.43,145
5/13/2019,Irwin,1988.6,45.29,145
5/13/2019,Mitchell,1967.8,45.74,145
5/13/2019,Telfair,1946,44.63,145
5/13/2019,Thomas,1920.2,45.67,145
5/13/2019,Tift,2029.9,61.49,145
5/13/2019,Wayne,2054.6,30.59,145
5/20/2019,Appling,1873,24.35,145
5/20/2019,Benhill,2098.7,67.74,145
5/20/2019,Bulloch,1946.9,35.56,145
5/20/2019,Coffee,2032.5,54.18,145
5/20/2019,Irwin,2009.1,43.97,145
5/20/2019,Mitchell,1982.4,41.86,145
5/20/2019,Telfair,1964.4,39.7,145
5/20/2019,Thomas,1937.7,44.65,145
5/20/2019,Tift,2046.3,57.02,145
5/20/2019,Wayne,2064.6,31.55,145
5/27/2019,Appling,1834,19.79,145
5/27/2019,Benhill,2059.8,56.9,145
5/27/2019,Bulloch,1895.3,31.31,145
5/27/2019,Coffee,1998.6,46.62,145
5/27/2019,Irwin,1968.5,44.04,145
5/27/2019,Mitchell,1946.4,35.61,145
5/27/2019,Telfair,1921.2,34.89,145
5/27/2019,Thomas,1904.2,38.37,145
5/27/2019,Tift,2007.2,49.03,145
5/27/2019,Wayne,2020.4,42.25,145
6/3/2019,Appling,1764.5,11.97,145
6/3/2019,Benhill,1983.9,47.73,145
6/3/2019,Bulloch,1824.6,24.4,145
6/3/2019,Coffee,1928.7,36.2,145
6/3/2019,Irwin,1892.4,36.85,145
6/3/2019,Mitchell,1868,29.36,145
6/3/2019,Telfair,1844.8,27.32,145
6/3/2019,Thomas,1832.7,28.42,145
6/3/2019,Tift,1932.9,39.27,145
6/3/2019,Wayne,1948.7,36.29,145
6/10/2019,Appling,1724,7.51,145
6/10/2019,Benhill,1942.7,36.63,145
6/10/2019,Bulloch,1782.6,17.05,145
6/10/2019,Coffee,1892.2,24.74,145
6/10/2019,Irwin,1847,28.01,145
6/10/2019,Mitchell,1825.4,19.37,145
6/10/2019,Telfair,1799,19.55,145
6/10/2019,Thomas,1799.2,20.86,145
6/10/2019,Tift,1893.2,28.21,145
6/10/2019,Wayne,1910.7,24.3,145
6/17/2019,Appling,1668.9,6.69,145
6/17/2019,Benhill,1882,26.38,145
6/17/2019,Bulloch,1730.4,13.11,145
6/17/2019,Coffee,1831.6,17.63,145
6/17/2019,Irwin,1781.9,20.61,145
6/17/2019,Mitchell,1770.4,14.08,145
6/17/2019,Telfair,1739.2,13.37,145
6/17/2019,Thomas,1745.6,17.44,145
6/17/2019,Tift,1832.6,21.18,145
6/17/2019,Wayne,1851.6,19.79,145
6/24/2019,Appling,1573,1.52,145
6/24/2019,Benhill,1778,18.47,145
6/24/2019,Bulloch,1630.7,7,145
6/24/2019,Coffee,1729.8,13.4,145
6/24/2019,Irwin,1679.4,14.69,145
6/24/2019,Mitchell,1674.4,9.79,145
6/24/2019,Telfair,1637.9,8.98,145
6/24/2019,Thomas,1652.9,7.73,145
6/24/2019,Tift,1730.8,16.81,145
6/24/2019,Wayne,1749.3,15.36,145
7/1/2019,Appling,1483.1,0,145
7/1/2019,Benhill,1676.7,11.13,145
7/1/2019,Bulloch,1537.9,0.18,145
7/1/2019,Coffee,1630,4.67,145
7/1/2019,Irwin,1580.8,4.31,145
7/1/2019,Mitchell,1576.4,1.72,145
7/1/2019,Telfair,1541.5,1.12,145
7/1/2019,Thomas,1556.5,0.82,145
7/1/2019,Tift,1629.7,6.43,145
7/1/2019,Wayne,1647.3,5.91,145
7/8/2019,Appling,1389,0,145
7/8/2019,Benhill,1575.6,0.76,145
7/8/2019,Bulloch,1435.6,0,145
7/8/2019,Coffee,1536.3,0.82,145
7/8/2019,Irwin,1480.6,0.07,145
7/8/2019,Mitchell,1483,0,145
7/8/2019,Telfair,1437.6,0,145
7/8/2019,Thomas,1469.4,0,145
7/8/2019,Tift,1533.4,0.14,145
7/8/2019,Wayne,1543.5,0.39,145
4/1/2019,Appling,1738.7,32.25,155
4/1/2019,Benhill,1968.6,48.16,155
4/1/2019,Bulloch,1818.8,46.16,155
4/1/2019,Coffee,1902.3,34.19,155
4/1/2019,Irwin,1848.6,35.68,155
4/1/2019,Mitchell,1844.4,36.3,155
4/1/2019,Telfair,1808.5,42.69,155
4/1/2019,Thomas,1774.3,19.05,155
4/1/2019,Tift,1901.2,37.2,155
4/1/2019,Wayne,1937.8,32.67,155
4/8/2019,Appling,1814.8,38.96,155
4/8/2019,Benhill,2050.7,45.04,155
4/8/2019,Bulloch,1900.4,50.9,155
4/8/2019,Coffee,1979.1,33.46,155
4/8/2019,Irwin,1927.5,34.87,155
4/8/2019,Mitchell,1916.3,35.61,155
4/8/2019,Telfair,1889.7,48.68,155
4/8/2019,Thomas,1851.7,18.64,155
4/8/2019,Tift,1981.2,36.18,155
4/8/2019,Wayne,2021.1,30.84,155
4/15/2019,Appling,1842.3,37.18,155
4/15/2019,Benhill,2081.8,43.41,155
4/15/2019,Bulloch,1930.6,52.61,155
4/15/2019,Coffee,2009.8,36.74,155
4/15/2019,Irwin,1962.3,29.5,155
4/15/2019,Mitchell,1948.6,34.49,155
4/15/2019,Telfair,1919.8,54.98,155
4/15/2019,Thomas,1891.2,19.23,155
4/15/2019,Tift,2014.6,34.35,155
4/15/2019,Wayne,2051.2,28.67,155
4/22/2019,Appling,1891,36.17,155
4/22/2019,Benhill,2133.6,52.99,155
4/22/2019,Bulloch,1973.8,52.44,155
4/22/2019,Coffee,2061.2,52.5,155
4/22/2019,Irwin,2017.6,33.38,155
4/22/2019,Mitchell,2004.5,40.58,155
4/22/2019,Telfair,1971.1,53.95,155
4/22/2019,Thomas,1950.2,28.01,155
4/22/2019,Tift,2068.8,41.12,155
4/22/2019,Wayne,2096.2,25.73,155
4/29/2019,Appling,1942,34.73,155
4/29/2019,Benhill,2185,74.95,155
4/29/2019,Bulloch,2027.4,56.19,155
4/29/2019,Coffee,2113.6,72.39,155
4/29/2019,Irwin,2079.2,47.05,155
4/29/2019,Mitchell,2058.2,55.86,155
4/29/2019,Telfair,2027.7,56.53,155
4/29/2019,Thomas,2007.7,39.15,155
4/29/2019,Tift,2124.6,64.01,155
4/29/2019,Wayne,2144.8,22.76,155
5/6/2019,Appling,1963,33.02,155
5/6/2019,Benhill,2207,90.22,155
5/6/2019,Bulloch,2045.9,49.73,155
5/6/2019,Coffee,2134.7,69.11,155
5/6/2019,Irwin,2106.3,55.46,155
5/6/2019,Mitchell,2081.3,57.62,155
5/6/2019,Telfair,2055.9,53.24,155
5/6/2019,Thomas,2035.2,47.19,155
5/6/2019,Tift,2146.6,72.85,155
5/6/2019,Wayne,2166.2,16.28,155
5/13/2019,Appling,1955.5,28.33,155
5/13/2019,Benhill,2197.8,78.08,155
5/13/2019,Bulloch,2033.5,42.11,155
5/13/2019,Coffee,2129,59.37,155
5/13/2019,Irwin,2096.8,47.22,155
5/13/2019,Mitchell,2079.1,47.46,155
5/13/2019,Telfair,2047.4,45.75,155
5/13/2019,Thomas,2028.2,48.24,155
5/13/2019,Tift,2139.8,63.62,155
5/13/2019,Wayne,2158.7,31.9,155
5/20/2019,Appling,1933.5,24.35,155
5/20/2019,Benhill,2172.4,67.95,155
5/20/2019,Bulloch,2005.6,35.56,155
5/20/2019,Coffee,2112.5,54.36,155
5/20/2019,Irwin,2075.7,44.04,155
5/20/2019,Mitchell,2054.2,41.91,155
5/20/2019,Telfair,2023,39.7,155
5/20/2019,Thomas,2012.2,45.06,155
5/20/2019,Tift,2117.3,57.16,155
5/20/2019,Wayne,2138.1,31.94,155
5/27/2019,Appling,1890,19.79,155
5/27/2019,Benhill,2128.5,56.9,155
5/27/2019,Bulloch,1953,31.31,155
5/27/2019,Coffee,2070.4,46.62,155
5/27/2019,Irwin,2024,44.04,155
5/27/2019,Mitchell,2002,35.61,155
5/27/2019,Telfair,1970.9,34.89,155
5/27/2019,Thomas,1970.7,38.37,155
5/27/2019,Tift,2073.8,49.03,155
5/27/2019,Wayne,2093.4,42.25,155
6/3/2019,Appling,1818.4,11.97,155
6/3/2019,Benhill,2047.9,47.73,155
6/3/2019,Bulloch,1875.6,24.4,155
6/3/2019,Coffee,1995.4,36.2,155
6/3/2019,Irwin,1946.1,36.85,155
6/3/2019,Mitchell,1924.7,29.36,155
6/3/2019,Telfair,1895.1,27.32,155
6/3/2019,Thomas,1896.1,28.42,155
6/3/2019,Tift,1994.5,39.27,155
6/3/2019,Wayne,2012.8,36.29,155
6/10/2019,Appling,1743.8,7.51,155
6/10/2019,Benhill,1965.4,36.63,155
6/10/2019,Bulloch,1802.2,17.05,155
6/10/2019,Coffee,1916.1,24.74,155
6/10/2019,Irwin,1863.4,28.01,155
6/10/2019,Mitchell,1851.2,19.37,155
6/10/2019,Telfair,1815.9,19.55,155
6/10/2019,Thomas,1826,20.86,155
6/10/2019,Tift,1916.4,28.21,155
6/10/2019,Wayne,1934.5,24.3,155
6/17/2019,Appling,1668.9,6.69,155
6/17/2019,Benhill,1882.6,26.38,155
6/17/2019,Bulloch,1730.4,13.11,155
6/17/2019,Coffee,1833.2,17.63,155
6/17/2019,Irwin,1781.9,20.61,155
6/17/2019,Mitchell,1773.8,14.08,155
6/17/2019,Telfair,1739.2,13.37,155
6/17/2019,Thomas,1747.3,17.44,155
6/17/2019,Tift,1833.4,21.18,155
6/17/2019,Wayne,1851.7,19.79,155
6/24/2019,Appling,1575.4,1.52,155
6/24/2019,Benhill,1783.1,18.47,155
6/24/2019,Bulloch,1634.3,7,155
6/24/2019,Coffee,1735,13.4,155
6/24/2019,Irwin,1682.6,14.69,155
6/24/2019,Mitchell,1683.1,9.79,155
6/24/2019,Telfair,1640.5,8.98,155
6/24/2019,Thomas,1658.3,7.73,155
6/24/2019,Tift,1735.5,16.81,155
6/24/2019,Wayne,1755.7,15.36,155
4/1/2020,Appling,1405,7.89,139
4/1/2020,Benhill,1587.9,32.78,139
4/1/2020,Bulloch,1450.4,12.06,139
4/1/2020,Coffee,1534.3,20.64,139
4/1/2020,Irwin,1503.3,18.63,139
4/1/2020,Mitchell,1485.7,16.14,139
4/1/2020,Telfair,1436.4,10.66,139
4/1/2020,Thomas,1505.3,16.22,139
4/1/2020,Tift,1515.4,19.63,139
4/1/2020,Wayne,1556,7.01,139
4/8/2020,Appling,1472.1,9.86,139
4/8/2020,Benhill,1651.5,34.98,139
4/8/2020,Bulloch,1517.2,13.04,139
4/8/2020,Coffee,1592.7,21.35,139
4/8/2020,Irwin,1570.1,18.68,139
4/8/2020,Mitchell,1542.9,14.86,139
4/8/2020,Telfair,1503,11.34,139
4/8/2020,Thomas,1560.3,13.75,139
4/8/2020,Tift,1575,17.33,139
4/8/2020,Wayne,1618.3,9.5,139
4/15/2020,Appling,1528.3,12,139
4/15/2020,Benhill,1707.9,28.88,139
4/15/2020,Bulloch,1574.4,18.45,139
4/15/2020,Coffee,1645.1,18.48,139
4/15/2020,Irwin,1630.8,21.9,139
4/15/2020,Mitchell,1594.1,10.01,139
4/15/2020,Telfair,1565,18.14,139
4/15/2020,Thomas,1606.8,8.98,139
4/15/2020,Tift,1625.9,14.15,139
4/15/2020,Wayne,1678.5,24.76,139
4/22/2020,Appling,1598.8,17.83,139
4/22/2020,Benhill,1778.5,33.65,139
4/22/2020,Bulloch,1651.3,25.83,139
4/22/2020,Coffee,1709.9,28.92,139
4/22/2020,Irwin,1700.6,27,139
4/22/2020,Mitchell,1655.7,10.11,139
4/22/2020,Telfair,1639.7,24.26,139
4/22/2020,Thomas,1663.8,5.16,139
4/22/2020,Tift,1691.8,17.03,139
4/22/2020,Wayne,1753.8,37.53,139
4/29/2020,Appling,1651.8,20.15,139
4/29/2020,Benhill,1836,47.1,139
4/29/2020,Bulloch,1707.9,29.56,139
4/29/2020,Coffee,1763.1,35.69,139
4/29/2020,Irwin,1759.5,33.29,139
4/29/2020,Mitchell,1709.4,12.12,139
4/29/2020,Telfair,1699.1,28.3,139
4/29/2020,Thomas,1717.8,1.35,139
4/29/2020,Tift,1747.9,21.04,139
4/29/2020,Wayne,1803.9,36.34,139
5/6/2020,Appling,1672.3,21.33,139
5/6/2020,Benhill,1853.6,42.18,139
5/6/2020,Bulloch,1723.4,27.3,139
5/6/2020,Coffee,1782.1,31.87,139
5/6/2020,Irwin,1779,29.1,139
5/6/2020,Mitchell,1726.7,11.63,139
5/6/2020,Telfair,1718.7,26.11,139
5/6/2020,Thomas,1736.3,0,139
5/6/2020,Tift,1764.4,22.72,139
5/6/2020,Wayne,1822.3,33.73,139
5/13/2020,Appling,1701.8,18.63,139
5/13/2020,Benhill,1881.1,41.15,139
5/13/2020,Bulloch,1747.4,27.07,139
5/13/2020,Coffee,1809.2,29.66,139
5/13/2020,Irwin,1805.4,25.92,139
5/13/2020,Mitchell,1750.5,15.72,139
5/13/2020,Telfair,1748.7,25.56,139
5/13/2020,Thomas,1762.8,0.64,139
5/13/2020,Tift,1791.7,22.86,139
5/13/2020,Wayne,1845.5,31.76,139
5/20/2020,Appling,1682.3,13.05,139
5/20/2020,Benhill,1856.5,34.46,139
5/20/2020,Bulloch,1725,22.76,139
5/20/2020,Coffee,1784.8,26.81,139
5/20/2020,Irwin,1771.7,26.89,139
5/20/2020,Mitchell,1719.6,15.18,139
5/20/2020,Telfair,1722.2,21,139
5/20/2020,Thomas,1735.3,2.39,139
5/20/2020,Tift,1764.2,24.27,139
5/20/2020,Wayne,1831.5,35.45,139
5/27/2020,Appling,1682.8,8.46,139
5/27/2020,Benhill,1858.6,28.95,139
5/27/2020,Bulloch,1718.5,14.37,139
5/27/2020,Coffee,1785.7,19.1,139
5/27/2020,Irwin,1770.1,17.34,139
5/27/2020,Mitchell,1716.9,10.72,139
5/27/2020,Telfair,1718.2,12.72,139
5/27/2020,Thomas,1736.8,8.19,139
5/27/2020,Tift,1766.4,17.54,139
5/27/2020,Wayne,1827.7,23.86,139
6/3/2020,Appling,1660.3,3.64,139
6/3/2020,Benhill,1831.9,18.85,139
6/3/2020,Bulloch,1694.9,8.46,139
6/3/2020,Coffee,1762.8,12.68,139
6/3/2020,Irwin,1736.4,9.59,139
6/3/2020,Mitchell,1688.9,5.83,139
6/3/2020,Telfair,1685.9,7.62,139
6/3/2020,Thomas,1710.3,6.27,139
6/3/2020,Tift,1739.7,8.23,139
6/3/2020,Wayne,1809,14.91,139
6/10/2020,Appling,1645.8,2.06,139
6/10/2020,Benhill,1814.1,9.75,139
6/10/2020,Bulloch,1672.7,2.55,139
6/10/2020,Coffee,1750.9,7.09,139
6/10/2020,Irwin,1707.3,5.25,139
6/10/2020,Mitchell,1670.4,0,139
6/10/2020,Telfair,1658.8,0.97,139
6/10/2020,Thomas,1699.3,0,139
6/10/2020,Tift,1723.6,2.11,139
6/10/2020,Wayne,1797.6,8.78,139
6/17/2020,Appling,1604.8,1.88,139
6/17/2020,Benhill,1773.2,4.63,139
6/17/2020,Bulloch,1630.9,1.8,139
6/17/2020,Coffee,1711.2,5.3,139
6/17/2020,Irwin,1665.3,1.8,139
6/17/2020,Mitchell,1632.7,0,139
6/17/2020,Telfair,1619.9,1.73,139
6/17/2020,Thomas,1662.3,0.18,139
6/17/2020,Tift,1683.7,1.25,139
6/17/2020,Wayne,1757.8,2.97,139
6/24/2020,Appling,1563.9,1.47,139
6/24/2020,Benhill,1721.9,4.56,139
6/24/2020,Bulloch,1587.1,1.8,139
6/24/2020,Coffee,1667,3.68,139
6/24/2020,Irwin,1614.1,1.8,139
6/24/2020,Mitchell,1583.9,0.44,139
6/24/2020,Telfair,1570.7,1.73,139
6/24/2020,Thomas,1614.4,1.06,139
6/24/2020,Tift,1633.7,3.08,139
6/24/2020,Wayne,1710.6,3.15,139
7/1/2020,Appling,1521.9,0.36,139
7/1/2020,Benhill,1670.8,5.02,139
7/1/2020,Bulloch,1541.6,0.58,139
7/1/2020,Coffee,1628.3,2.04,139
7/1/2020,Irwin,1562.5,0.97,139
7/1/2020,Mitchell,1540.5,1.02,139
7/1/2020,Telfair,1524.7,0.76,139
7/1/2020,Thomas,1575.9,2.12,139
7/1/2020,Tift,1589.4,1.43,139
7/1/2020,Wayne,1666.1,4.52,139
7/8/2020,Appling,1438.6,0.18,139
7/8/2020,Benhill,1583.4,1.83,139
7/8/2020,Bulloch,1449.2,0,139
7/8/2020,Coffee,1545.3,1.9,139
7/8/2020,Irwin,1475.3,0.97,139
7/8/2020,Mitchell,1456.3,1.02,139
7/8/2020,Telfair,1434.5,0,139
7/8/2020,Thomas,1497.2,1.94,139
7/8/2020,Tift,1506.5,1.34,139
7/8/2020,Wayne,1581,1.2,139
4/1/2020,Appling,1482.1,11.59,145
4/1/2020,Benhill,1670.4,38.78,145
4/1/2020,Bulloch,1526.2,14.55,145
4/1/2020,Coffee,1612.9,24.96,145
4/1/2020,Irwin,1582.8,22.96,145
4/1/2020,Mitchell,1559.6,18.09,145
4/1/2020,Telfair,1513.7,14.35,145
4/1/2020,Thomas,1578.5,16.22,145
4/1/2020,Tift,1592.5,20.44,145
4/1/2020,Wayne,1634.3,9.98,145
4/8/2020,Appling,1554.8,14.8,145
4/8/2020,Benhill,1743.7,34.98,145
4/8/2020,Bulloch,1602.8,21.06,145
4/8/2020,Coffee,1680.9,21.35,145
4/8/2020,Irwin,1659.4,20.29,145
4/8/2020,Mitchell,1626.3,14.86,145
4/8/2020,Telfair,1589.4,20.95,145
4/8/2020,Thomas,1646,13.75,145
4/8/2020,Tift,1660.2,17.33,145
4/8/2020,Wayne,1710.6,19.19,145
4/15/2020,Appling,1614,19.89,145
4/15/2020,Benhill,1799.2,28.88,145
4/15/2020,Bulloch,1663.3,27.21,145
4/15/2020,Coffee,1733.9,25.91,145
4/15/2020,Irwin,1717.9,29.63,145
4/15/2020,Mitchell,1679.7,12.89,145
4/15/2020,Telfair,1650.5,25.25,145
4/15/2020,Thomas,1692.5,8.98,145
4/15/2020,Tift,1714.6,14.15,145
4/15/2020,Wayne,1775.5,27.34,145
4/22/2020,Appling,1675,21.24,145
4/22/2020,Benhill,1863.1,35.5,145
4/22/2020,Bulloch,1730.8,31.74,145
4/22/2020,Coffee,1793.2,36.21,145
4/22/2020,Irwin,1781,33.45,145
4/22/2020,Mitchell,1733.6,11.96,145
4/22/2020,Telfair,1718.1,30.53,145
4/22/2020,Thomas,1745,5.16,145
4/22/2020,Tift,1773,22.13,145
4/22/2020,Wayne,1835.7,37.53,145
4/29/2020,Appling,1711,20.15,145
4/29/2020,Benhill,1900,47.1,145
4/29/2020,Bulloch,1765.5,29.56,145
4/29/2020,Coffee,1826.8,35.69,145
4/29/2020,Irwin,1819.3,33.29,145
4/29/2020,Mitchell,1767.7,12.12,145
4/29/2020,Telfair,1757.4,28.3,145
4/29/2020,Thomas,1780,1.35,145
4/29/2020,Tift,1808.1,21.04,145
4/29/2020,Wayne,1869.7,36.34,145
5/6/2020,Appling,1721,21.33,145
5/6/2020,Benhill,1909.3,42.18,145
5/6/2020,Bulloch,1768,27.3,145
5/6/2020,Coffee,1837.9,31.87,145
5/6/2020,Irwin,1828.4,29.1,145
5/6/2020,Mitchell,1777.3,11.63,145
5/6/2020,Telfair,1766,26.11,145
5/6/2020,Thomas,1791,0,145
5/6/2020,Tift,1818.7,22.72,145
5/6/2020,Wayne,1875.1,33.73,145
5/13/2020,Appling,1735.5,18.63,145
5/13/2020,Benhill,1922.4,41.15,145
5/13/2020,Bulloch,1778.9,27.07,145
5/13/2020,Coffee,1848.1,29.66,145
5/13/2020,Irwin,1836.9,25.92,145
5/13/2020,Mitchell,1783,15.72,145
5/13/2020,Telfair,1780.3,25.56,145
5/13/2020,Thomas,1798,0.64,145
5/13/2020,Tift,1829.7,22.86,145
5/13/2020,Wayne,1887.1,31.76,145
5/20/2020,Appling,1740.5,13.05,145
5/20/2020,Benhill,1924.2,34.46,145
5/20/2020,Bulloch,1778.9,22.76,145
5/20/2020,Coffee,1850.7,26.81,145
5/20/2020,Irwin,1833.2,26.89,145
5/20/2020,Mitchell,1783.6,15.18,145
5/20/2020,Telfair,1777.5,21,145
5/20/2020,Thomas,1802,2.39,145
5/20/2020,Tift,1829,24.27,145
5/20/2020,Wayne,1896.4,35.45,145
5/27/2020,Appling,1730.5,8.46,145
5/27/2020,Benhill,1910.2,28.95,145
5/27/2020,Bulloch,1767.1,14.37,145
5/27/2020,Coffee,1839.4,19.1,145
5/27/2020,Irwin,1813.7,17.34,145
5/27/2020,Mitchell,1762.6,10.72,145
5/27/2020,Telfair,1759.2,12.72,145
5/27/2020,Thomas,1787.5,8.19,145
5/27/2020,Tift,1815.2,17.54,145
5/27/2020,Wayne,1885.7,23.86,145
6/3/2020,Appling,1714,3.64,145
6/3/2020,Benhill,1894.4,18.85,145
6/3/2020,Bulloch,1746.5,8.46,145
6/3/2020,Coffee,1824.5,12.94,145
6/3/2020,Irwin,1792.4,9.59,145
6/3/2020,Mitchell,1745.8,5.83,145
6/3/2020,Telfair,1737.8,7.62,145
6/3/2020,Thomas,1771.5,6.27,145
6/3/2020,Tift,1799.3,8.23,145
6/3/2020,Wayne,1867.8,14.91,145
6/10/2020,Appling,1684,2.24,145
6/10/2020,Benhill,1860,9.75,145
6/10/2020,Bulloch,1712.2,3.13,145
6/10/2020,Coffee,1794.8,7.9,145
6/10/2020,Irwin,1750.1,5.71,145
6/10/2020,Mitchell,1714.4,0,145
6/10/2020,Telfair,1701.7,1.73,145
6/10/2020,Thomas,1742.5,0,145
6/10/2020,Tift,1766.1,2.11,145
6/10/2020,Wayne,1844,8.78,145
6/17/2020,Appling,1626.6,1.88,145
6/17/2020,Benhill,1796.8,4.63,145
6/17/2020,Bulloch,1652.5,1.8,145
6/17/2020,Coffee,1736.6,5.3,145
6/17/2020,Irwin,1685.5,1.8,145
6/17/2020,Mitchell,1655.2,0,145
6/17/2020,Telfair,1639.3,1.73,145
6/17/2020,Thomas,1686.1,0.18,145
6/17/2020,Tift,1704.7,1.25,145
6/17/2020,Wayne,1783.6,2.97,145
6/24/2020,Appling,1612.6,1.65,145
6/24/2020,Benhill,1772,5.02,145
6/24/2020,Bulloch,1634.8,1.8,145
6/24/2020,Coffee,1722.5,4.65,145
6/24/2020,Irwin,1660.5,2.31,145
6/24/2020,Mitchell,1635.6,0.44,145
6/24/2020,Telfair,1617.9,1.73,145
6/24/2020,Thomas,1668.6,2.12,145
6/24/2020,Tift,1684.7,3.89,145
6/24/2020,Wayne,1763.2,3.15,145
7/1/2020,Appling,1528.3,0.36,145
7/1/2020,Benhill,1680.7,5.02,145
7/1/2020,Bulloch,1547.2,0.58,145
7/1/2020,Coffee,1638.6,2.04,145
7/1/2020,Irwin,1569.6,0.97,145
7/1/2020,Mitchell,1548.8,1.02,145
7/1/2020,Telfair,1530.4,0.76,145
7/1/2020,Thomas,1585.4,2.12,145
7/1/2020,Tift,1598.6,1.43,145
7/1/2020,Wayne,1678.3,4.52,145
7/8/2020,Appling,1456.8,0.18,145
7/8/2020,Benhill,1609.8,1.83,145
7/8/2020,Bulloch,1466.8,0,145
7/8/2020,Coffee,1573.1,1.9,145
7/8/2020,Irwin,1498.5,0.97,145
7/8/2020,Mitchell,1485.7,1.02,145
7/8/2020,Telfair,1454.8,0,145
7/8/2020,Thomas,1524.9,1.94,145
7/8/2020,Tift,1533.7,1.34,145
7/8/2020,Wayne,1604.1,1.2,145
4/1/2020,Appling,1617.6,20.35,155
4/1/2020,Benhill,1822.1,38.78,155
4/1/2020,Bulloch,1667.3,27.75,155
4/1/2020,Coffee,1758.1,24.96,155
4/1/2020,Irwin,1729.1,27.7,155
4/1/2020,Mitchell,1697.5,18.09,155
4/1/2020,Telfair,1656.6,28.25,155
4/1/2020,Thomas,1716,16.22,155
4/1/2020,Tift,1733,20.44,155
4/1/2020,Wayne,1785,11.78,155
4/8/2020,Appling,1690.3,24.56,155
4/8/2020,Benhill,1890.5,34.98,155
4/8/2020,Bulloch,1741.1,32.23,155
4/8/2020,Coffee,1824,21.35,155
4/8/2020,Irwin,1797.6,30.94,155
4/8/2020,Mitchell,1761.1,14.86,155
4/8/2020,Telfair,1723.6,29.86,155
4/8/2020,Thomas,1784,13.75,155
4/8/2020,Tift,1802.7,17.33,155
4/8/2020,Wayne,1860.6,19.19,155
4/15/2020,Appling,1737.5,25.05,155
4/15/2020,Benhill,1937.2,28.88,155
4/15/2020,Bulloch,1790.1,34.8,155
4/15/2020,Coffee,1869.4,28.41,155
4/15/2020,Irwin,1848,37.75,155
4/15/2020,Mitchell,1806.2,14.92,155
4/15/2020,Telfair,1777.5,32.9,155
4/15/2020,Thomas,1825,8.98,155
4/15/2020,Tift,1847.2,14.79,155
4/15/2020,Wayne,1908.7,27.34,155
4/22/2020,Appling,1760,22.35,155
4/22/2020,Benhill,1959.6,35.5,155
4/22/2020,Bulloch,1815.2,33.07,155
4/22/2020,Coffee,1888.5,36.21,155
4/22/2020,Irwin,1869.5,34.68,155
4/22/2020,Mitchell,1821.5,11.96,155
4/22/2020,Telfair,1806,31.88,155
4/22/2020,Thomas,1839.5,5.16,155
4/22/2020,Tift,1864.1,22.13,155
4/22/2020,Wayne,1932.1,37.53,155
4/29/2020,Appling,1793,20.15,155
4/29/2020,Benhill,1992.7,47.1,155
4/29/2020,Bulloch,1840.8,29.56,155
4/29/2020,Coffee,1917.7,35.69,155
4/29/2020,Irwin,1897.6,33.29,155
4/29/2020,Mitchell,1846.8,12.12,155
4/29/2020,Telfair,1835.6,28.3,155
4/29/2020,Thomas,1866.5,1.35,155
4/29/2020,Tift,1895.8,21.04,155
4/29/2020,Wayne,1959.7,36.34,155
5/6/2020,Appling,1783.5,21.33,155
5/6/2020,Benhill,1980.8,42.18,155
5/6/2020,Bulloch,1821.4,27.3,155
5/6/2020,Coffee,1908.4,31.87,155
5/6/2020,Irwin,1885.9,29.1,155
5/6/2020,Mitchell,1835.6,11.63,155
5/6/2020,Telfair,1820.5,26.11,155
5/6/2020,Thomas,1854.5,0,155
5/6/2020,Tift,1885.7,22.72,155
5/6/2020,Wayne,1949.3,33.73,155
5/13/2020,Appling,1829.5,18.63,155
5/13/2020,Benhill,2026.3,41.15,155
5/13/2020,Bulloch,1866.4,27.07,155
5/13/2020,Coffee,1952.3,29.66,155
5/13/2020,Irwin,1930.3,25.92,155
5/13/2020,Mitchell,1880.1,15.72,155
5/13/2020,Telfair,1865.4,25.56,155
5/13/2020,Thomas,1901.5,0.64,155
5/13/2020,Tift,1930.2,22.86,155
5/13/2020,Wayne,1995,31.76,155
5/20/2020,Appling,1823,13.05,155
5/20/2020,Benhill,2013.2,34.46,155
5/20/2020,Bulloch,1858.2,22.76,155
5/20/2020,Coffee,1942.1,26.81,155
5/20/2020,Irwin,1909.1,26.89,155
5/20/2020,Mitchell,1864.6,15.18,155
5/20/2020,Telfair,1849.2,21,155
5/20/2020,Thomas,1892,2.39,155
5/20/2020,Tift,1914.6,24.27,155
5/20/2020,Wayne,1993.4,35.45,155
5/27/2020,Appling,1817.5,8.64,155
5/27/2020,Benhill,2011.6,28.95,155
5/27/2020,Bulloch,1851.4,14.95,155
5/27/2020,Coffee,1939.6,19.1,155
5/27/2020,Irwin,1903.5,17.34,155
5/27/2020,Mitchell,1853.4,10.72,155
5/27/2020,Telfair,1845.9,12.72,155
5/27/2020,Thomas,1887.5,8.19,155
5/27/2020,Tift,1911.6,17.54,155
5/27/2020,Wayne,1982.4,23.86,155
6/3/2020,Appling,1762.1,3.82,155
6/3/2020,Benhill,1952.2,18.85,155
6/3/2020,Bulloch,1796.6,9.04,155
6/3/2020,Coffee,1881.1,13.75,155
6/3/2020,Irwin,1843.6,9.59,155
6/3/2020,Mitchell,1799.8,5.83,155
6/3/2020,Telfair,1789.3,8.38,155
6/3/2020,Thomas,1827.1,6.27,155
6/3/2020,Tift,1852.9,8.23,155
6/3/2020,Wayne,1927.7,14.91,155
6/10/2020,Appling,1735.6,2.24,155
6/10/2020,Benhill,1918.1,9.75,155
6/10/2020,Bulloch,1762.7,3.13,155
6/10/2020,Coffee,1854.8,7.9,155
6/10/2020,Irwin,1801.8,5.71,155
6/10/2020,Mitchell,1772.7,0,155
6/10/2020,Telfair,1751.8,1.73,155
6/10/2020,Thomas,1802.6,0,155
6/10/2020,Tift,1820.4,2.11,155
6/10/2020,Wayne,1901.4,8.78,155
6/17/2020,Appling,1690.2,2.06,155
6/17/2020,Benhill,1863.9,4.63,155
6/17/2020,Bulloch,1714.4,1.8,155
6/17/2020,Coffee,1810.1,5.3,155
6/17/2020,Irwin,1744.4,2.31,155
6/17/2020,Mitchell,1721.4,0,155
6/17/2020,Telfair,1698.5,1.73,155
6/17/2020,Thomas,1758.6,1.24,155
6/17/2020,Tift,1771.4,2.06,155
6/17/2020,Wayne,1854.3,2.97,155
6/24/2020,Appling,1629.3,1.65,155
6/24/2020,Benhill,1793.3,5.02,155
6/24/2020,Bulloch,1648.2,1.8,155
6/24/2020,Coffee,1748.6,4.65,155
6/24/2020,Irwin,1673.8,2.31,155
6/24/2020,Mitchell,1654.8,0.44,155
6/24/2020,Telfair,1629.7,1.73,155
6/24/2020,Thomas,1691.4,2.12,155
6/24/2020,Tift,1705.7,3.89,155
6/24/2020,Wayne,1788.9,3.15,155
